Category Code,Category,Commodity Code,Commodity
1,Fruits and Vegetables,7,Edible vegetables and certain roots and tubers
1,Fruits and Vegetables,14,"Edible fruit and nuts; peel of citrus fruit or melons
"
1,Fruits and Vegetables,1507,"Soya-bean oil and its fractions, whether or not refined, but not chemically modified"
1,Fruits and Vegetables,1508,"Groundnut oil and its fractions, whether or not refined, but not chemically modified"
1,Fruits and Vegetables,1509,"Olive oil and its fractions, whether or not refined, but not chemically modified"
1,Fruits and Vegetables,1510,"Other oils and their fractions, obtained solely from olives, whether or not refined, but not chemically modified, including blends of these oils or fractions with oils or fractions of heading 1509"
1,Fruits and Vegetables,1511,"Palm oil and its fractions, whether or not refined, but not chemically modified"
1,Fruits and Vegetables,1512,"Sunflower-seed, safflower or cotton-seed oil and fractions thereof, whether or not refined, but not chemically modified"
1,Fruits and Vegetables,1513,"Coconut (copra), palm kernel or babassu oil and fractions thereof, whether or not refined, but not chemically modified"
1,Fruits and Vegetables,1514,"Rape, colza or mustard oil and fractions thereof, whether or not refined, but not chemically modified"
1,Fruits and Vegetables,20,"Preparations of vegetables, fruit, nuts or other parts of plants"
2,Meat and Seafood,2,Meat and edible meat offal
2,Meat and Seafood,3,"Fish and crustaceans, molluscs and other aquatic invertebrates"
2,Meat and Seafood,102,Live bovine animals
2,Meat and Seafood,103,Live swine
2,Meat and Seafood,104,Live sheep and goats
2,Meat and Seafood,105,"Live poultry, that is to say, fowls of the species Gallus domesticus, ducks, geese, turkeys and guinea fowls"
2,Meat and Seafood,407,"Birds' eggs, in shell, fresh, preserved or cooked"
2,Meat and Seafood,408,"Birds' eggs, not in shell, and egg yolks, fresh, dried, cooked by steaming or by boiling in water, moulded, frozen or otherwise preserved, whether or not containing added sugar or other sweetening matter"
2,Meat and Seafood,1501,"Pig fat (including lard) and poultry fat, other than that of heading 0259 or 1503"
2,Meat and Seafood,1502,"Fats of bovine animals, sheep or goats, other than those of heading 1503"
2,Meat and Seafood,1504,"Fats and oils and their fractions, of fish or marine mammals, whether or not refined, but not chemically modified"
2,Meat and Seafood,16,"Preparations of meat, of fish or of crustaceans, molluscs or other aquatic invertebrates"
2,Meat and Seafood,2102,"Yeasts (active or inactive); other single-cell micro-organisms, dead (but not including vaccines of heading 3002); prepared baking powders"
2,Meat and Seafood,210610,Protein concentrates and textured protein substances
3,Grains and Cereals,10,Cereals
3,Grains and Cereals,11,Products of the milling industry; malt; starches; inulin; wheat gluten
3,Grains and Cereals,17,Sugars and sugar confectionery
3,Grains and Cereals,18,Cocoa and cocoa preparations
3,Grains and Cereals,19,"Preparations of cereals, flour, starch or milk; pastrycooks' products"
3,Grains and Cereals,2103,Sauces and preparations therefor; mixed condiments and mixed seasonings; mustard flour and meal and prepared mustard
4,Beverages,2104,Soups and broths and preparations therefor; homogenised composite food preparations
4,Beverages,22,"Beverages, spirits and vinegar"
4,Beverages,9,"Coffee, tea, mate'"
5,Dairy,2105,"Ice cream and other edible ice, whether or not containing cocoa"
5,Dairy,401,"Milk and cream, not concentrated nor containing added sugar or other sweetening matter"
5,Dairy,402,"Milk and cream, concentrated or containing added sugar or other sweetening matter"
5,Dairy,403,"Buttermilk, curdled milk and cream, yogurt, kephir and other fermented or acidified milk and cream, whether or not concentrated or containing added sugar or other sweetening matter or flavoured or containing added fruit, nuts or cocoa"
5,Dairy,404,"Whey, whether or not concentrated or containing added sugar or other sweetening matter; products consisting of natural milk constituents, whether or not containing added sugar or other sweetening matter, not elsewhere specified or included"
5,Dairy,405,Butter and other fats and oils derived from milk; dairy spreads
5,Dairy,406,Cheese and curd
5,Dairy,409,Natural honey
